Employee ID,Employee Name,2024 Review 2,2024 Review 1,2023 Review 2,2023 Review 1,2022 Review 2,2022 Review 1,2021 Review 2,2021 Review 1,2020 Review 2,2020 Review 1,2019 Review 2,2019 Review 1,2018 Review 2,2018 Review 1,2017 Review 2,2017 Review 1,2016 Review 2,2016 Review 1,2015 Review 2,2015 Review 1
E0001,Employee_1,positive,,,,,,,,,,,,,,,,,,,
E0002,Employee_2,positive,,,,,,,,,,,,,,,,,,,
E0003,Employee_3,positive,,,,,,,,,,,,,,,,,,,
E0004,Employee_4,positive,,,,,,,,,,,,,,,,,,,
E0005,Employee_5,positive,,,,,,,,,,,,,,,,,,,
E0006,Employee_6,positive,,,,,,,,,,,,,,,,,,,
E0007,Employee_7,positive,,,,,,,,,,,,,,,,,,,
E0008,Employee_8,positive,,,,,,,,,,,,,,,,,,,
E0009,Employee_9,positive,,,,,,,,,,,,,,,,,,,
E0010,Employee_10,negative,,,,,,,,,,,,,,,,,,,
E0011,Employee_11,positive,,,,,,,,,,,,,,,,,,,
E0012,Employee_12,positive,,,,,,,,,,,,,,,,,,,
E0013,Employee_13,positive,,,,,,,,,,,,,,,,,,,
E0014,Employee_14,positive,,,,,,,,,,,,,,,,,,,
E0015,Employee_15,positive,,,,,,,,,,,,,,,,,,,
E0016,Employee_16,positive,,,,,,,,,,,,,,,,,,,
E0017,Employee_17,positive,,,,,,,,,,,,,,,,,,,
E0018,Employee_18,positive,,,,,,,,,,,,,,,,,,,
E0019,Employee_19,positive,,,,,,,,,,,,,,,,,,,
E0020,Employee_20,positive,,,,,,,,,,,,,,,,,,,
E0021,Employee_21,positive,positive,,,,,,,,,,,,,,,,,,
E0022,Employee_22,positive,positive,,,,,,,,,,,,,,,,,,
E0023,Employee_23,positive,positive,,,,,,,,,,,,,,,,,,
E0024,Employee_24,positive,positive,,,,,,,,,,,,,,,,,,
E0025,Employee_25,positive,positive,,,,,,,,,,,,,,,,,,
E0026,Employee_26,positive,positive,,,,,,,,,,,,,,,,,,
E0027,Employee_27,positive,positive,,,,,,,,,,,,,,,,,,
E0028,Employee_28,positive,positive,,,,,,,,,,,,,,,,,,
E0029,Employee_29,positive,positive,,,,,,,,,,,,,,,,,,
E0030,Employee_30,positive,positive,,,,,,,,,,,,,,,,,,
E0031,Employee_31,positive,positive,,,,,,,,,,,,,,,,,,
E0032,Employee_32,positive,positive,,,,,,,,,,,,,,,,,,
E0033,Employee_33,positive,positive,,,,,,,,,,,,,,,,,,
E0034,Employee_34,positive,positive,,,,,,,,,,,,,,,,,,
E0035,Employee_35,positive,positive,,,,,,,,,,,,,,,,,,
E0036,Employee_36,positive,positive,,,,,,,,,,,,,,,,,,
E0037,Employee_37,positive,positive,,,,,,,,,,,,,,,,,,
E0038,Employee_38,positive,positive,,,,,,,,,,,,,,,,,,
E0039,Employee_39,positive,positive,,,,,,,,,,,,,,,,,,
E0040,Employee_40,negative,positive,,,,,,,,,,,,,,,,,,
E0041,Employee_41,positive,positive,positive,,,,,,,,,,,,,,,,,
E0042,Employee_42,positive,negative,positive,,,,,,,,,,,,,,,,,
E0043,Employee_43,positive,positive,positive,,,,,,,,,,,,,,,,,
E0044,Employee_44,positive,positive,positive,,,,,,,,,,,,,,,,,
E0045,Employee_45,positive,positive,positive,,,,,,,,,,,,,,,,,
E0046,Employee_46,positive,positive,positive,,,,,,,,,,,,,,,,,
E0047,Employee_47,positive,positive,positive,,,,,,,,,,,,,,,,,
E0048,Employee_48,positive,positive,negative,,,,,,,,,,,,,,,,,
E0049,Employee_49,positive,positive,positive,,,,,,,,,,,,,,,,,
E0050,Employee_50,negative,positive,positive,,,,,,,,,,,,,,,,,
E0051,Employee_51,positive,positive,positive,,,,,,,,,,,,,,,,,
E0052,Employee_52,positive,positive,positive,,,,,,,,,,,,,,,,,
E0053,Employee_53,positive,positive,positive,,,,,,,,,,,,,,,,,
E0054,Employee_54,positive,positive,positive,,,,,,,,,,,,,,,,,
E0055,Employee_55,positive,positive,positive,,,,,,,,,,,,,,,,,
E0056,Employee_56,positive,positive,positive,,,,,,,,,,,,,,,,,
E0057,Employee_57,positive,positive,positive,,,,,,,,,,,,,,,,,
E0058,Employee_58,positive,positive,positive,,,,,,,,,,,,,,,,,
E0059,Employee_59,positive,positive,positive,,,,,,,,,,,,,,,,,
E0060,Employee_60,positive,positive,positive,,,,,,,,,,,,,,,,,
E0061,Employee_61,positive,positive,positive,positive,,,,,,,,,,,,,,,,
E0062,Employee_62,positive,positive,positive,positive,,,,,,,,,,,,,,,,
E0063,Employee_63,positive,negative,positive,negative,,,,,,,,,,,,,,,,
E0064,Employee_64,negative,positive,positive,positive,,,,,,,,,,,,,,,,
E0065,Employee_65,positive,positive,positive,positive,,,,,,,,,,,,,,,,
E0066,Employee_66,positive,positive,positive,positive,,,,,,,,,,,,,,,,
E0067,Employee_67,positive,negative,positive,positive,,,,,,,,,,,,,,,,
E0068,Employee_68,positive,positive,positive,positive,,,,,,,,,,,,,,,,
E0069,Employee_69,positive,positive,positive,positive,,,,,,,,,,,,,,,,
E0070,Employee_70,negative,positive,positive,negative,,,,,,,,,,,,,,,,
E0071,Employee_71,positive,positive,positive,positive,,,,,,,,,,,,,,,,
E0072,Employee_72,positive,positive,positive,positive,,,,,,,,,,,,,,,,
E0073,Employee_73,positive,positive,negative,positive,,,,,,,,,,,,,,,,
E0074,Employee_74,positive,positive,positive,positive,,,,,,,,,,,,,,,,
E0075,Employee_75,positive,negative,positive,positive,,,,,,,,,,,,,,,,
E0076,Employee_76,positive,positive,positive,positive,,,,,,,,,,,,,,,,
E0077,Employee_77,positive,positive,positive,positive,,,,,,,,,,,,,,,,
E0078,Employee_78,positive,positive,positive,positive,,,,,,,,,,,,,,,,
E0079,Employee_79,positive,positive,positive,positive,,,,,,,,,,,,,,,,
E0080,Employee_80,positive,positive,positive,negative,,,,,,,,,,,,,,,,
E0081,Employee_81,positive,positive,positive,positive,positive,,,,,,,,,,,,,,,
E0082,Employee_82,positive,positive,positive,positive,negative,,,,,,,,,,,,,,,
E0083,Employee_83,positive,positive,positive,negative,positive,,,,,,,,,,,,,,,
E0084,Employee_84,negative,positive,positive,positive,negative,,,,,,,,,,,,,,,
E0085,Employee_85,positive,positive,positive,positive,positive,,,,,,,,,,,,,,,
E0086,Employee_86,negative,positive,positive,negative,positive,,,,,,,,,,,,,,,
E0087,Employee_87,positive,positive,positive,positive,positive,,,,,,,,,,,,,,,
E0088,Employee_88,positive,positive,positive,positive,positive,,,,,,,,,,,,,,,
E0089,Employee_89,positive,positive,positive,positive,positive,,,,,,,,,,,,,,,
E0090,Employee_90,positive,positive,positive,positive,positive,,,,,,,,,,,,,,,
E0091,Employee_91,positive,positive,positive,positive,positive,,,,,,,,,,,,,,,
E0092,Employee_92,positive,positive,positive,positive,positive,,,,,,,,,,,,,,,
E0093,Employee_93,positive,positive,positive,positive,positive,,,,,,,,,,,,,,,
E0094,Employee_94,positive,positive,positive,positive,positive,,,,,,,,,,,,,,,
E0095,Employee_95,positive,positive,positive,positive,positive,,,,,,,,,,,,,,,
E0096,Employee_96,positive,positive,positive,positive,positive,,,,,,,,,,,,,,,
E0097,Employee_97,positive,negative,positive,positive,positive,,,,,,,,,,,,,,,
E0098,Employee_98,positive,positive,positive,negative,positive,,,,,,,,,,,,,,,
E0099,Employee_99,positive,positive,positive,positive,negative,,,,,,,,,,,,,,,
E0100,Employee_100,positive,positive,positive,positive,positive,,,,,,,,,,,,,,,
E0101,Employee_101,positive,positive,positive,positive,positive,positive,,,,,,,,,,,,,,
E0102,Employee_102,positive,positive,positive,positive,positive,positive,,,,,,,,,,,,,,
E0103,Employee_103,positive,positive,positive,positive,positive,positive,,,,,,,,,,,,,,
E0104,Employee_104,positive,positive,positive,positive,positive,positive,,,,,,,,,,,,,,
E0105,Employee_105,positive,positive,positive,positive,positive,positive,,,,,,,,,,,,,,
E0106,Employee_106,positive,positive,positive,positive,positive,positive,,,,,,,,,,,,,,
E0107,Employee_107,positive,positive,positive,positive,positive,positive,,,,,,,,,,,,,,
E0108,Employee_108,positive,positive,positive,positive,positive,positive,,,,,,,,,,,,,,
E0109,Employee_109,positive,negative,positive,positive,positive,positive,,,,,,,,,,,,,,
E0110,Employee_110,positive,positive,positive,positive,positive,positive,,,,,,,,,,,,,,
E0111,Employee_111,positive,negative,positive,positive,positive,positive,,,,,,,,,,,,,,
E0112,Employee_112,positive,positive,positive,positive,positive,positive,,,,,,,,,,,,,,
E0113,Employee_113,positive,positive,positive,negative,positive,positive,,,,,,,,,,,,,,
E0114,Employee_114,negative,positive,positive,positive,negative,positive,,,,,,,,,,,,,,
E0115,Employee_115,positive,positive,positive,positive,positive,negative,,,,,,,,,,,,,,
E0116,Employee_116,positive,positive,positive,positive,positive,positive,,,,,,,,,,,,,,
E0117,Employee_117,positive,positive,positive,positive,positive,positive,,,,,,,,,,,,,,
E0118,Employee_118,positive,negative,positive,positive,positive,positive,,,,,,,,,,,,,,
E0119,Employee_119,positive,positive,positive,positive,positive,positive,,,,,,,,,,,,,,
E0120,Employee_120,positive,positive,positive,positive,positive,positive,,,,,,,,,,,,,,
E0121,Employee_121,positive,positive,positive,positive,positive,positive,positive,,,,,,,,,,,,,
E0122,Employee_122,positive,positive,positive,positive,positive,positive,positive,,,,,,,,,,,,,
E0123,Employee_123,positive,positive,positive,negative,positive,positive,positive,,,,,,,,,,,,,
E0124,Employee_124,positive,positive,positive,positive,positive,positive,positive,,,,,,,,,,,,,
E0125,Employee_125,positive,positive,positive,positive,positive,positive,negative,,,,,,,,,,,,,
E0126,Employee_126,positive,positive,positive,positive,positive,positive,positive,,,,,,,,,,,,,
E0127,Employee_127,positive,positive,positive,negative,negative,positive,positive,,,,,,,,,,,,,
E0128,Employee_128,positive,positive,positive,negative,positive,positive,positive,,,,,,,,,,,,,
E0129,Employee_129,negative,positive,positive,positive,positive,positive,positive,,,,,,,,,,,,,
E0130,Employee_130,positive,positive,positive,positive,positive,positive,positive,,,,,,,,,,,,,
E0131,Employee_131,positive,positive,negative,positive,positive,positive,positive,,,,,,,,,,,,,
E0132,Employee_132,positive,positive,positive,positive,positive,negative,positive,,,,,,,,,,,,,
E0133,Employee_133,positive,positive,positive,positive,positive,positive,positive,,,,,,,,,,,,,
E0134,Employee_134,positive,positive,positive,negative,positive,positive,positive,,,,,,,,,,,,,
E0135,Employee_135,positive,positive,positive,positive,positive,negative,positive,,,,,,,,,,,,,
E0136,Employee_136,positive,positive,positive,positive,positive,negative,positive,,,,,,,,,,,,,
E0137,Employee_137,positive,positive,positive,positive,positive,positive,positive,,,,,,,,,,,,,
E0138,Employee_138,positive,positive,positive,positive,positive,positive,positive,,,,,,,,,,,,,
E0139,Employee_139,negative,positive,positive,positive,positive,positive,positive,,,,,,,,,,,,,
E0140,Employee_140,positive,positive,positive,positive,positive,negative,positive,,,,,,,,,,,,,
E0141,Employee_141,negative,positive,positive,positive,positive,positive,negative,positive,,,,,,,,,,,,
E0142,Employee_142,positive,positive,positive,positive,positive,positive,positive,positive,,,,,,,,,,,,
E0143,Employee_143,positive,positive,positive,positive,positive,negative,positive,positive,,,,,,,,,,,,
E0144,Employee_144,positive,negative,positive,positive,positive,positive,positive,positive,,,,,,,,,,,,
E0145,Employee_145,positive,positive,positive,negative,positive,positive,positive,positive,,,,,,,,,,,,
E0146,Employee_146,positive,positive,positive,positive,positive,positive,positive,positive,,,,,,,,,,,,
E0147,Employee_147,positive,positive,positive,positive,positive,positive,positive,positive,,,,,,,,,,,,
E0148,Employee_148,positive,positive,positive,positive,positive,positive,positive,positive,,,,,,,,,,,,
E0149,Employee_149,positive,positive,positive,positive,positive,positive,positive,positive,,,,,,,,,,,,
E0150,Employee_150,positive,positive,positive,positive,positive,positive,positive,positive,,,,,,,,,,,,
E0151,Employee_151,positive,positive,positive,positive,positive,positive,positive,positive,,,,,,,,,,,,
E0152,Employee_152,positive,positive,positive,positive,positive,positive,positive,positive,,,,,,,,,,,,
E0153,Employee_153,positive,positive,positive,positive,positive,positive,positive,positive,,,,,,,,,,,,
E0154,Employee_154,positive,positive,positive,positive,positive,positive,positive,positive,,,,,,,,,,,,
E0155,Employee_155,positive,positive,positive,positive,positive,positive,positive,positive,,,,,,,,,,,,
E0156,Employee_156,positive,positive,positive,negative,positive,positive,positive,positive,,,,,,,,,,,,
E0157,Employee_157,positive,positive,positive,positive,positive,positive,positive,positive,,,,,,,,,,,,
E0158,Employee_158,positive,positive,positive,positive,positive,positive,positive,positive,,,,,,,,,,,,
E0159,Employee_159,positive,positive,positive,positive,positive,positive,positive,positive,,,,,,,,,,,,
E0160,Employee_160,negative,positive,positive,positive,negative,negative,positive,positive,,,,,,,,,,,,
E0161,Employee_161,negative,negative,positive,positive,positive,positive,negative,positive,positive,,,,,,,,,,,
E0162,Employee_162,positive,negative,positive,positive,positive,positive,positive,positive,positive,,,,,,,,,,,
E0163,Employee_163,positive,positive,positive,positive,positive,positive,positive,positive,positive,,,,,,,,,,,
E0164,Employee_164,positive,positive,positive,positive,positive,positive,positive,positive,positive,,,,,,,,,,,
E0165,Employee_165,positive,positive,positive,positive,positive,positive,positive,positive,positive,,,,,,,,,,,
E0166,Employee_166,positive,positive,positive,positive,positive,positive,positive,positive,positive,,,,,,,,,,,
E0167,Employee_167,positive,positive,positive,positive,positive,positive,positive,positive,negative,,,,,,,,,,,
E0168,Employee_168,positive,positive,negative,positive,positive,positive,positive,positive,negative,,,,,,,,,,,
E0169,Employee_169,positive,positive,positive,positive,positive,positive,positive,positive,positive,,,,,,,,,,,
E0170,Employee_170,positive,positive,positive,positive,positive,positive,positive,positive,positive,,,,,,,,,,,
E0171,Employee_171,positive,positive,positive,positive,positive,positive,positive,positive,positive,,,,,,,,,,,
E0172,Employee_172,positive,positive,positive,positive,positive,positive,positive,positive,positive,,,,,,,,,,,
E0173,Employee_173,negative,negative,negative,positive,positive,positive,positive,negative,positive,,,,,,,,,,,
E0174,Employee_174,positive,positive,positive,positive,positive,positive,positive,positive,positive,,,,,,,,,,,
E0175,Employee_175,positive,positive,positive,positive,positive,positive,negative,positive,positive,,,,,,,,,,,
E0176,Employee_176,positive,positive,positive,positive,positive,positive,positive,positive,positive,,,,,,,,,,,
E0177,Employee_177,positive,positive,positive,positive,positive,negative,positive,positive,positive,,,,,,,,,,,
E0178,Employee_178,positive,positive,positive,positive,positive,positive,positive,positive,positive,,,,,,,,,,,
E0179,Employee_179,positive,positive,positive,positive,positive,positive,positive,positive,positive,,,,,,,,,,,
E0180,Employee_180,positive,positive,positive,positive,positive,positive,positive,positive,positive,,,,,,,,,,,
E0181,Employee_181,positive,positive,positive,positive,positive,negative,positive,positive,positive,positive,,,,,,,,,,
E0182,Employee_182,positive,positive,positive,positive,positive,positive,positive,positive,positive,positive,,,,,,,,,,
E0183,Employee_183,positive,positive,negative,negative,positive,positive,positive,positive,positive,positive,,,,,,,,,,
E0184,Employee_184,positive,positive,positive,positive,positive,positive,positive,positive,positive,positive,,,,,,,,,,
E0185,Employee_185,positive,positive,positive,positive,positive,positive,positive,positive,positive,positive,,,,,,,,,,
E0186,Employee_186,positive,positive,negative,positive,positive,positive,positive,positive,positive,negative,,,,,,,,,,
E0187,Employee_187,positive,positive,positive,positive,positive,positive,positive,positive,positive,positive,,,,,,,,,,
E0188,Employee_188,positive,positive,positive,positive,positive,positive,positive,positive,positive,positive,,,,,,,,,,
E0189,Employee_189,positive,positive,positive,positive,positive,positive,positive,positive,positive,positive,,,,,,,,,,
E0190,Employee_190,positive,positive,positive,positive,positive,positive,positive,positive,negative,positive,,,,,,,,,,
E0191,Employee_191,positive,positive,positive,positive,positive,positive,negative,positive,positive,positive,,,,,,,,,,
E0192,Employee_192,positive,positive,positive,positive,positive,positive,negative,positive,positive,positive,,,,,,,,,,
E0193,Employee_193,positive,negative,positive,positive,positive,positive,positive,negative,positive,positive,,,,,,,,,,
E0194,Employee_194,positive,positive,positive,negative,positive,positive,positive,negative,negative,positive,,,,,,,,,,
E0195,Employee_195,positive,positive,positive,positive,positive,positive,positive,positive,positive,positive,,,,,,,,,,
E0196,Employee_196,positive,positive,positive,positive,positive,positive,positive,positive,positive,positive,,,,,,,,,,
E0197,Employee_197,positive,positive,positive,positive,positive,positive,positive,positive,positive,positive,,,,,,,,,,
E0198,Employee_198,positive,positive,negative,positive,positive,positive,positive,positive,positive,positive,,,,,,,,,,
E0199,Employee_199,positive,positive,positive,positive,positive,positive,positive,negative,positive,positive,,,,,,,,,,
E0200,Employee_200,positive,positive,positive,positive,positive,positive,positive,positive,negative,positive,,,,,,,,,,
E0201,Employee_201,positive,positive,positive,positive,positive,negative,positive,positive,positive,positive,positive,,,,,,,,,
E0202,Employee_202,positive,negative,positive,positive,positive,positive,positive,positive,positive,positive,positive,,,,,,,,,
E0203,Employee_203,positive,positive,positive,positive,positive,positive,positive,positive,positive,positive,positive,,,,,,,,,
E0204,Employee_204,positive,positive,positive,negative,positive,positive,positive,positive,positive,positive,positive,,,,,,,,,
E0205,Employee_205,positive,positive,positive,positive,positive,positive,negative,positive,positive,positive,positive,,,,,,,,,
E0206,Employee_206,positive,positive,positive,positive,positive,positive,positive,positive,positive,positive,positive,,,,,,,,,
E0207,Employee_207,positive,positive,positive,positive,positive,positive,positive,positive,positive,positive,positive,,,,,,,,,
E0208,Employee_208,positive,positive,positive,positive,positive,negative,positive,positive,positive,positive,positive,,,,,,,,,
E0209,Employee_209,positive,negative,positive,positive,positive,positive,positive,positive,positive,positive,negative,,,,,,,,,
E0210,Employee_210,positive,negative,positive,positive,positive,positive,positive,positive,negative,positive,positive,,,,,,,,,
E0211,Employee_211,positive,positive,positive,positive,positive,positive,positive,negative,positive,positive,negative,,,,,,,,,
E0212,Employee_212,positive,positive,positive,positive,positive,positive,positive,positive,positive,positive,positive,,,,,,,,,
E0213,Employee_213,positive,positive,positive,positive,positive,positive,positive,positive,positive,positive,positive,,,,,,,,,
E0214,Employee_214,positive,negative,positive,positive,positive,positive,negative,negative,positive,negative,positive,,,,,,,,,
E0215,Employee_215,positive,positive,negative,positive,positive,positive,negative,positive,positive,positive,positive,,,,,,,,,
E0216,Employee_216,positive,negative,positive,positive,positive,positive,positive,positive,positive,positive,positive,,,,,,,,,
E0217,Employee_217,positive,positive,positive,positive,negative,positive,positive,positive,positive,positive,positive,,,,,,,,,
E0218,Employee_218,positive,positive,positive,positive,positive,positive,positive,positive,positive,positive,negative,,,,,,,,,
E0219,Employee_219,positive,positive,positive,positive,positive,positive,positive,positive,positive,positive,positive,,,,,,,,,
E0220,Employee_220,positive,positive,negative,positive,positive,positive,positive,positive,positive,positive,positive,,,,,,,,,
E0221,Employee_221,positive,positive,positive,positive,positive,positive,positive,positive,positive,positive,positive,positive,,,,,,,,
E0222,Employee_222,positive,positive,positive,positive,positive,positive,positive,negative,positive,positive,positive,positive,,,,,,,,
E0223,Employee_223,positive,positive,positive,positive,positive,positive,positive,positive,negative,positive,positive,positive,,,,,,,,
E0224,Employee_224,positive,positive,positive,positive,positive,positive,positive,negative,positive,positive,positive,positive,,,,,,,,
E0225,Employee_225,positive,positive,positive,negative,positive,positive,positive,positive,positive,positive,positive,positive,,,,,,,,
E0226,Employee_226,negative,positive,positive,positive,positive,positive,positive,positive,positive,positive,positive,positive,,,,,,,,
E0227,Employee_227,positive,positive,positive,positive,negative,positive,positive,positive,positive,positive,positive,positive,,,,,,,,
E0228,Employee_228,positive,negative,positive,positive,positive,positive,positive,positive,positive,positive,positive,positive,,,,,,,,
E0229,Employee_229,positive,positive,positive,positive,positive,positive,negative,positive,positive,positive,positive,positive,,,,,,,,
E0230,Employee_230,positive,positive,positive,positive,negative,positive,positive,positive,positive,positive,positive,positive,,,,,,,,
E0231,Employee_231,positive,positive,positive,positive,positive,negative,positive,positive,negative,positive,positive,positive,,,,,,,,
E0232,Employee_232,positive,positive,positive,positive,positive,positive,positive,positive,positive,positive,negative,positive,,,,,,,,
E0233,Employee_233,positive,negative,positive,positive,positive,positive,positive,positive,positive,positive,positive,negative,,,,,,,,
E0234,Employee_234,positive,positive,negative,negative,positive,positive,negative,negative,positive,positive,positive,positive,,,,,,,,
E0235,Employee_235,positive,positive,positive,positive,negative,positive,positive,positive,negative,positive,negative,positive,,,,,,,,
E0236,Employee_236,positive,negative,positive,positive,positive,positive,positive,positive,positive,positive,positive,positive,,,,,,,,
E0237,Employee_237,positive,positive,positive,positive,positive,positive,negative,positive,positive,positive,positive,positive,,,,,,,,
E0238,Employee_238,positive,positive,positive,positive,positive,positive,positive,positive,positive,positive,positive,positive,,,,,,,,
E0239,Employee_239,negative,positive,positive,positive,positive,positive,positive,positive,positive,positive,positive,positive,,,,,,,,
E0240,Employee_240,positive,positive,positive,negative,positive,positive,positive,positive,positive,positive,negative,positive,,,,,,,,
E0241,Employee_241,positive,positive,positive,positive,positive,positive,positive,positive,negative,positive,positive,positive,positive,,,,,,,
E0242,Employee_242,positive,positive,negative,positive,positive,positive,positive,positive,positive,positive,positive,positive,positive,,,,,,,
E0243,Employee_243,positive,positive,positive,positive,positive,positive,positive,positive,positive,positive,positive,positive,positive,,,,,,,
E0244,Employee_244,positive,positive,negative,positive,negative,positive,positive,positive,positive,positive,positive,positive,positive,,,,,,,
E0245,Employee_245,positive,positive,positive,positive,positive,positive,negative,positive,positive,positive,positive,positive,positive,,,,,,,
E0246,Employee_246,positive,positive,positive,positive,negative,negative,positive,positive,positive,positive,positive,positive,positive,,,,,,,
E0247,Employee_247,positive,positive,positive,negative,positive,negative,negative,positive,positive,positive,positive,positive,positive,,,,,,,
E0248,Employee_248,negative,positive,negative,negative,positive,positive,positive,positive,positive,positive,positive,positive,positive,,,,,,,
E0249,Employee_249,positive,positive,positive,positive,positive,positive,positive,positive,positive,positive,positive,positive,positive,,,,,,,
E0250,Employee_250,positive,positive,positive,positive,positive,positive,positive,positive,positive,positive,positive,positive,positive,,,,,,,
E0251,Employee_251,positive,positive,positive,positive,negative,negative,positive,positive,positive,positive,negative,positive,positive,,,,,,,
E0252,Employee_252,positive,positive,positive,positive,positive,positive,positive,positive,positive,positive,positive,positive,positive,,,,,,,
E0253,Employee_253,positive,positive,positive,positive,negative,positive,positive,positive,positive,positive,positive,positive,positive,,,,,,,
E0254,Employee_254,positive,positive,positive,positive,positive,positive,positive,positive,positive,positive,positive,positive,positive,,,,,,,
E0255,Employee_255,positive,positive,negative,positive,positive,positive,positive,positive,positive,positive,positive,positive,positive,,,,,,,
E0256,Employee_256,negative,positive,positive,positive,positive,positive,positive,positive,positive,positive,positive,positive,positive,,,,,,,
E0257,Employee_257,positive,positive,positive,positive,positive,positive,positive,positive,negative,positive,positive,positive,positive,,,,,,,
E0258,Employee_258,positive,positive,positive,positive,positive,positive,positive,positive,positive,positive,positive,positive,positive,,,,,,,
E0259,Employee_259,positive,positive,positive,negative,positive,positive,positive,positive,negative,positive,positive,positive,positive,,,,,,,
E0260,Employee_260,positive,negative,positive,positive,negative,positive,positive,positive,positive,positive,positive,positive,positive,,,,,,,
E0261,Employee_261,positive,positive,positive,positive,positive,positive,positive,positive,positive,positive,positive,positive,negative,positive,,,,,,
E0262,Employee_262,positive,positive,positive,positive,positive,positive,positive,positive,positive,positive,positive,positive,positive,positive,,,,,,
E0263,Employee_263,positive,positive,negative,positive,positive,positive,positive,positive,positive,positive,positive,positive,positive,positive,,,,,,
E0264,Employee_264,positive,positive,positive,positive,negative,positive,positive,positive,positive,positive,positive,positive,positive,positive,,,,,,
E0265,Employee_265,positive,positive,positive,positive,positive,positive,negative,positive,negative,negative,positive,positive,positive,positive,,,,,,
E0266,Employee_266,positive,positive,positive,positive,positive,positive,positive,positive,positive,positive,positive,positive,positive,positive,,,,,,
E0267,Employee_267,positive,positive,positive,positive,positive,positive,positive,positive,positive,positive,positive,negative,positive,positive,,,,,,
E0268,Employee_268,positive,positive,positive,positive,positive,positive,positive,positive,positive,positive,positive,positive,positive,positive,,,,,,
E0269,Employee_269,positive,positive,positive,negative,positive,positive,positive,positive,positive,positive,positive,positive,negative,positive,,,,,,
E0270,Employee_270,positive,positive,positive,positive,positive,positive,positive,positive,positive,positive,positive,positive,positive,positive,,,,,,
E0271,Employee_271,positive,positive,positive,positive,positive,positive,positive,positive,negative,positive,positive,positive,positive,positive,,,,,,
E0272,Employee_272,positive,positive,positive,positive,positive,positive,positive,positive,positive,positive,positive,negative,positive,positive,,,,,,
E0273,Employee_273,positive,positive,positive,positive,positive,positive,positive,positive,positive,positive,positive,positive,positive,positive,,,,,,
E0274,Employee_274,positive,positive,positive,positive,positive,positive,positive,positive,positive,positive,positive,positive,positive,positive,,,,,,
E0275,Employee_275,positive,positive,positive,positive,positive,positive,positive,positive,positive,positive,positive,positive,positive,positive,,,,,,
E0276,Employee_276,positive,positive,positive,positive,positive,positive,positive,positive,positive,positive,positive,positive,positive,positive,,,,,,
E0277,Employee_277,positive,positive,negative,positive,positive,positive,positive,positive,positive,positive,negative,positive,positive,positive,,,,,,
E0278,Employee_278,negative,positive,positive,positive,positive,positive,positive,negative,positive,positive,positive,positive,positive,positive,,,,,,
E0279,Employee_279,positive,negative,positive,positive,positive,positive,positive,positive,positive,positive,positive,positive,positive,positive,,,,,,
E0280,Employee_280,positive,positive,positive,positive,positive,positive,positive,positive,positive,positive,positive,positive,positive,positive,,,,,,
E0281,Employee_281,positive,positive,positive,positive,positive,positive,positive,positive,negative,negative,positive,positive,positive,positive,positive,,,,,
E0282,Employee_282,negative,positive,positive,positive,positive,positive,positive,positive,positive,positive,positive,negative,positive,positive,positive,,,,,
E0283,Employee_283,positive,positive,positive,positive,positive,positive,positive,positive,positive,positive,positive,positive,positive,positive,positive,,,,,
E0284,Employee_284,positive,positive,positive,positive,positive,positive,positive,positive,positive,positive,positive,positive,positive,positive,positive,,,,,
E0285,Employee_285,positive,positive,positive,positive,positive,positive,positive,positive,positive,positive,positive,positive,positive,positive,positive,,,,,
E0286,Employee_286,positive,positive,positive,positive,positive,positive,positive,positive,positive,positive,positive,positive,positive,positive,positive,,,,,
E0287,Employee_287,positive,positive,positive,positive,positive,positive,positive,positive,positive,positive,positive,positive,positive,positive,positive,,,,,
E0288,Employee_288,positive,positive,negative,positive,positive,positive,positive,positive,positive,positive,positive,positive,positive,positive,positive,,,,,
E0289,Employee_289,positive,positive,positive,positive,positive,positive,positive,positive,positive,positive,positive,positive,negative,positive,positive,,,,,
E0290,Employee_290,positive,positive,positive,positive,positive,positive,positive,positive,positive,positive,positive,positive,positive,positive,positive,,,,,
E0291,Employee_291,positive,positive,positive,positive,positive,positive,negative,positive,positive,positive,positive,positive,positive,negative,negative,,,,,
E0292,Employee_292,positive,positive,positive,positive,positive,positive,positive,positive,positive,positive,positive,positive,positive,negative,positive,,,,,
E0293,Employee_293,positive,positive,negative,positive,negative,positive,positive,positive,positive,positive,positive,positive,positive,positive,positive,,,,,
E0294,Employee_294,positive,positive,positive,positive,positive,positive,positive,positive,positive,negative,positive,positive,positive,positive,positive,,,,,
E0295,Employee_295,positive,positive,positive,positive,positive,positive,positive,positive,positive,positive,positive,positive,positive,positive,negative,,,,,
E0296,Employee_296,positive,positive,positive,positive,positive,positive,positive,positive,positive,positive,positive,positive,positive,positive,positive,,,,,
E0297,Employee_297,positive,positive,negative,positive,positive,positive,positive,positive,positive,positive,positive,positive,negative,negative,negative,,,,,
E0298,Employee_298,positive,positive,positive,positive,positive,positive,positive,positive,positive,positive,positive,positive,positive,positive,positive,,,,,
E0299,Employee_299,positive,positive,positive,positive,positive,negative,positive,positive,positive,positive,negative,positive,negative,positive,positive,,,,,
E0300,Employee_300,positive,positive,positive,positive,positive,positive,positive,positive,positive,positive,positive,positive,positive,positive,positive,,,,,
E0301,Employee_301,positive,positive,positive,positive,negative,positive,positive,positive,positive,positive,positive,positive,positive,positive,positive,positive,,,,
E0302,Employee_302,positive,positive,positive,positive,positive,positive,positive,negative,positive,positive,positive,positive,positive,positive,positive,positive,,,,
E0303,Employee_303,positive,positive,positive,positive,positive,positive,positive,positive,negative,positive,positive,positive,positive,positive,positive,positive,,,,
E0304,Employee_304,positive,positive,positive,positive,positive,positive,positive,positive,positive,positive,positive,positive,negative,positive,positive,positive,,,,
E0305,Employee_305,positive,positive,positive,positive,positive,positive,positive,positive,positive,positive,positive,positive,positive,positive,positive,positive,,,,
E0306,Employee_306,negative,positive,positive,positive,negative,positive,positive,positive,positive,positive,positive,positive,positive,positive,positive,positive,,,,
E0307,Employee_307,positive,negative,negative,positive,positive,positive,positive,positive,positive,positive,positive,positive,positive,positive,positive,positive,,,,
E0308,Employee_308,positive,positive,negative,positive,positive,positive,positive,positive,positive,positive,positive,positive,positive,positive,positive,positive,,,,
E0309,Employee_309,positive,positive,positive,positive,positive,positive,positive,positive,positive,positive,positive,positive,positive,positive,positive,positive,,,,
E0310,Employee_310,positive,positive,positive,negative,positive,positive,positive,positive,positive,positive,positive,negative,positive,positive,positive,positive,,,,
E0311,Employee_311,positive,positive,positive,positive,positive,positive,positive,negative,positive,positive,positive,positive,positive,positive,positive,positive,,,,
E0312,Employee_312,positive,positive,positive,positive,positive,positive,positive,positive,positive,positive,positive,positive,positive,positive,positive,positive,,,,
E0313,Employee_313,positive,negative,positive,positive,positive,positive,positive,positive,positive,positive,positive,positive,positive,positive,positive,negative,,,,
E0314,Employee_314,negative,positive,positive,positive,positive,positive,positive,positive,positive,positive,positive,positive,positive,positive,positive,positive,,,,
E0315,Employee_315,positive,positive,positive,positive,positive,positive,positive,positive,positive,positive,positive,positive,positive,positive,positive,positive,,,,
E0316,Employee_316,positive,positive,positive,positive,positive,positive,positive,positive,positive,positive,positive,positive,positive,positive,positive,negative,,,,
E0317,Employee_317,positive,positive,positive,positive,positive,positive,positive,positive,positive,positive,positive,positive,positive,positive,positive,positive,,,,
E0318,Employee_318,positive,positive,negative,positive,positive,positive,positive,positive,positive,positive,positive,positive,positive,positive,positive,positive,,,,
E0319,Employee_319,positive,positive,positive,positive,positive,positive,positive,positive,positive,positive,positive,positive,positive,negative,positive,positive,,,,
E0320,Employee_320,positive,positive,positive,positive,positive,positive,positive,positive,positive,positive,positive,positive,positive,positive,positive,positive,,,,
E0321,Employee_321,positive,positive,positive,positive,positive,positive,positive,positive,positive,positive,positive,positive,positive,positive,positive,positive,positive,,,
E0322,Employee_322,positive,positive,positive,positive,positive,negative,positive,positive,positive,positive,positive,positive,positive,positive,positive,positive,positive,,,
E0323,Employee_323,positive,positive,positive,positive,positive,positive,positive,positive,positive,positive,negative,negative,positive,negative,positive,positive,positive,,,
E0324,Employee_324,positive,positive,positive,positive,positive,positive,positive,positive,positive,negative,positive,negative,positive,positive,positive,positive,positive,,,
E0325,Employee_325,positive,positive,positive,positive,positive,positive,positive,positive,positive,positive,positive,positive,positive,positive,positive,positive,positive,,,
E0326,Employee_326,positive,positive,negative,positive,positive,positive,positive,positive,positive,positive,positive,positive,positive,positive,positive,negative,positive,,,
E0327,Employee_327,negative,positive,positive,positive,negative,positive,positive,negative,positive,positive,positive,positive,positive,positive,positive,positive,positive,,,
E0328,Employee_328,negative,positive,positive,positive,positive,positive,positive,positive,positive,positive,positive,positive,positive,positive,positive,positive,positive,,,
E0329,Employee_329,positive,negative,positive,positive,positive,positive,positive,positive,positive,positive,positive,negative,positive,positive,positive,positive,positive,,,
E0330,Employee_330,positive,positive,positive,positive,negative,positive,positive,positive,negative,positive,positive,positive,positive,positive,positive,positive,positive,,,
E0331,Employee_331,positive,positive,positive,positive,positive,positive,positive,positive,positive,negative,positive,positive,positive,positive,positive,positive,positive,,,
E0332,Employee_332,positive,positive,positive,positive,positive,positive,positive,positive,positive,positive,positive,positive,positive,negative,positive,positive,positive,,,
E0333,Employee_333,positive,positive,positive,positive,positive,positive,positive,positive,positive,positive,positive,positive,positive,positive,positive,negative,positive,,,
E0334,Employee_334,negative,negative,positive,positive,positive,positive,positive,positive,positive,positive,positive,positive,positive,negative,positive,positive,positive,,,
E0335,Employee_335,positive,positive,positive,positive,positive,positive,positive,negative,negative,positive,negative,positive,negative,positive,positive,negative,negative,,,
E0336,Employee_336,negative,positive,positive,positive,positive,positive,positive,positive,negative,positive,positive,positive,positive,positive,positive,positive,positive,,,
E0337,Employee_337,positive,positive,positive,positive,positive,positive,positive,positive,positive,positive,positive,positive,positive,positive,negative,positive,positive,,,
E0338,Employee_338,positive,positive,positive,positive,positive,positive,positive,positive,positive,positive,positive,positive,positive,positive,positive,positive,negative,,,
E0339,Employee_339,positive,positive,positive,positive,positive,positive,positive,positive,positive,positive,positive,positive,positive,positive,positive,negative,positive,,,
E0340,Employee_340,positive,positive,positive,positive,positive,positive,positive,positive,positive,positive,positive,positive,positive,positive,positive,positive,positive,,,
E0341,Employee_341,positive,positive,positive,positive,positive,positive,positive,positive,positive,positive,positive,positive,positive,positive,positive,positive,negative,positive,,
E0342,Employee_342,positive,positive,positive,positive,positive,positive,positive,positive,positive,positive,negative,positive,negative,positive,positive,positive,positive,positive,,
E0343,Employee_343,positive,positive,positive,positive,positive,negative,positive,positive,negative,positive,positive,positive,positive,positive,positive,positive,positive,positive,,
E0344,Employee_344,positive,positive,positive,positive,positive,positive,positive,positive,positive,positive,positive,positive,positive,positive,positive,negative,positive,positive,,
E0345,Employee_345,positive,positive,positive,positive,positive,positive,positive,positive,positive,negative,positive,positive,positive,positive,positive,positive,positive,positive,,
E0346,Employee_346,positive,positive,positive,positive,positive,positive,positive,positive,positive,positive,positive,positive,positive,positive,positive,positive,positive,positive,,
E0347,Employee_347,positive,positive,positive,positive,positive,positive,positive,positive,positive,positive,positive,positive,negative,positive,positive,positive,positive,positive,,
E0348,Employee_348,negative,positive,positive,positive,positive,positive,positive,negative,positive,positive,positive,positive,negative,positive,positive,positive,positive,positive,,
E0349,Employee_349,positive,positive,positive,negative,positive,positive,positive,positive,positive,negative,positive,positive,positive,positive,negative,positive,negative,positive,,
E0350,Employee_350,positive,positive,positive,positive,positive,positive,positive,positive,positive,positive,positive,positive,positive,positive,positive,positive,positive,positive,,
E0351,Employee_351,positive,negative,positive,positive,positive,positive,positive,positive,positive,positive,positive,positive,positive,positive,positive,positive,positive,positive,,
E0352,Employee_352,positive,positive,positive,positive,positive,negative,negative,positive,positive,positive,positive,negative,positive,positive,positive,positive,positive,positive,,
E0353,Employee_353,positive,negative,positive,positive,positive,positive,positive,positive,negative,positive,positive,positive,positive,positive,positive,positive,positive,positive,,
E0354,Employee_354,positive,positive,negative,positive,positive,positive,positive,positive,positive,positive,positive,positive,positive,positive,positive,positive,positive,negative,,
E0355,Employee_355,positive,negative,positive,positive,positive,positive,positive,negative,positive,positive,positive,positive,positive,positive,positive,positive,positive,positive,,
E0356,Employee_356,positive,positive,positive,positive,positive,positive,positive,positive,negative,positive,positive,positive,positive,positive,negative,positive,positive,positive,,
E0357,Employee_357,positive,positive,positive,positive,positive,positive,positive,positive,positive,positive,positive,positive,positive,positive,positive,positive,negative,positive,,
E0358,Employee_358,positive,positive,positive,positive,positive,positive,positive,positive,positive,positive,positive,positive,positive,positive,positive,positive,positive,positive,,
E0359,Employee_359,positive,positive,positive,positive,positive,positive,positive,positive,positive,positive,positive,positive,negative,positive,positive,positive,positive,positive,,
E0360,Employee_360,positive,negative,positive,positive,positive,positive,positive,positive,positive,positive,positive,positive,positive,positive,negative,positive,positive,positive,,
E0361,Employee_361,positive,positive,positive,negative,positive,positive,positive,positive,positive,positive,positive,positive,positive,negative,positive,positive,positive,positive,positive,
E0362,Employee_362,positive,positive,negative,positive,positive,positive,positive,positive,positive,positive,positive,positive,positive,positive,positive,positive,positive,positive,positive,
E0363,Employee_363,positive,negative,positive,positive,positive,positive,positive,positive,negative,positive,positive,positive,positive,positive,positive,positive,positive,positive,negative,
E0364,Employee_364,positive,positive,positive,positive,negative,positive,positive,positive,positive,positive,positive,positive,positive,positive,positive,positive,negative,positive,positive,
E0365,Employee_365,positive,positive,positive,positive,positive,positive,positive,positive,positive,positive,positive,positive,negative,positive,positive,positive,positive,positive,positive,
E0366,Employee_366,positive,positive,positive,positive,negative,positive,positive,positive,positive,negative,positive,positive,positive,positive,positive,positive,positive,positive,positive,
E0367,Employee_367,positive,positive,positive,positive,positive,positive,positive,positive,negative,positive,positive,positive,positive,positive,positive,positive,negative,positive,positive,
E0368,Employee_368,positive,positive,positive,positive,positive,negative,positive,positive,positive,positive,positive,positive,positive,positive,positive,negative,positive,positive,positive,
E0369,Employee_369,positive,positive,positive,positive,positive,positive,positive,positive,positive,positive,positive,positive,negative,positive,positive,positive,positive,positive,positive,
E0370,Employee_370,positive,positive,positive,positive,positive,positive,positive,positive,positive,positive,positive,positive,positive,positive,positive,positive,positive,positive,positive,
E0371,Employee_371,positive,positive,positive,positive,positive,positive,positive,positive,positive,positive,positive,positive,positive,positive,positive,positive,positive,positive,negative,
E0372,Employee_372,positive,negative,positive,positive,positive,positive,positive,positive,positive,positive,positive,positive,positive,positive,positive,positive,positive,positive,positive,
E0373,Employee_373,positive,positive,positive,negative,positive,positive,positive,positive,positive,positive,positive,positive,positive,positive,positive,positive,negative,positive,positive,
E0374,Employee_374,positive,positive,positive,positive,positive,positive,positive,negative,positive,positive,positive,positive,positive,positive,positive,positive,positive,positive,positive,
E0375,Employee_375,negative,positive,positive,positive,positive,positive,positive,positive,positive,positive,positive,negative,positive,positive,positive,positive,positive,positive,positive,
E0376,Employee_376,positive,positive,positive,positive,positive,positive,negative,positive,positive,positive,positive,positive,positive,positive,positive,positive,negative,positive,positive,
E0377,Employee_377,positive,positive,positive,positive,positive,positive,positive,positive,positive,positive,positive,positive,positive,positive,positive,positive,negative,positive,positive,
E0378,Employee_378,positive,positive,positive,positive,positive,positive,negative,positive,positive,positive,positive,positive,positive,positive,positive,positive,positive,positive,positive,
E0379,Employee_379,positive,positive,positive,positive,negative,positive,positive,positive,positive,positive,negative,positive,positive,positive,positive,positive,positive,positive,positive,
E0380,Employee_380,positive,positive,positive,positive,positive,positive,positive,negative,positive,positive,positive,negative,positive,positive,positive,positive,positive,positive,positive,
E0381,Employee_381,positive,positive,positive,positive,positive,positive,positive,positive,positive,positive,positive,positive,positive,positive,positive,positive,positive,positive,positive,positive
E0382,Employee_382,positive,positive,positive,positive,positive,positive,positive,positive,positive,positive,positive,positive,positive,positive,positive,positive,positive,positive,positive,positive
E0383,Employee_383,positive,positive,positive,positive,positive,positive,positive,positive,positive,positive,positive,negative,positive,positive,positive,positive,positive,positive,positive,positive
E0384,Employee_384,positive,positive,positive,positive,positive,positive,positive,negative,positive,negative,positive,positive,positive,positive,positive,positive,positive,positive,positive,positive
E0385,Employee_385,positive,positive,positive,positive,positive,positive,positive,positive,positive,positive,positive,positive,positive,positive,positive,positive,positive,positive,positive,positive
E0386,Employee_386,positive,positive,negative,positive,positive,positive,positive,positive,positive,positive,positive,positive,positive,positive,positive,positive,positive,positive,positive,positive
E0387,Employee_387,positive,positive,positive,positive,positive,positive,positive,positive,positive,positive,positive,positive,positive,positive,positive,positive,positive,positive,positive,positive
E0388,Employee_388,positive,positive,negative,positive,positive,positive,positive,positive,positive,positive,negative,positive,positive,positive,negative,positive,positive,positive,negative,positive
E0389,Employee_389,negative,positive,negative,positive,negative,positive,positive,positive,positive,positive,positive,positive,positive,positive,positive,positive,positive,positive,positive,positive
E0390,Employee_390,positive,positive,negative,positive,positive,positive,positive,positive,positive,positive,positive,positive,positive,positive,positive,positive,positive,positive,positive,positive
E0391,Employee_391,negative,positive,positive,positive,positive,negative,positive,positive,positive,positive,positive,negative,positive,positive,positive,negative,positive,positive,positive,negative
E0392,Employee_392,positive,positive,positive,positive,positive,positive,positive,positive,negative,positive,positive,positive,positive,positive,positive,positive,positive,positive,positive,positive
E0393,Employee_393,negative,positive,positive,positive,positive,positive,positive,positive,positive,positive,positive,positive,positive,positive,positive,positive,positive,positive,positive,positive
E0394,Employee_394,positive,positive,positive,positive,positive,positive,positive,positive,positive,positive,positive,positive,positive,negative,negative,positive,negative,positive,positive,positive
E0395,Employee_395,positive,negative,positive,positive,positive,positive,positive,positive,positive,positive,negative,positive,positive,positive,positive,negative,positive,positive,positive,positive
E0396,Employee_396,positive,positive,positive,positive,positive,positive,positive,positive,positive,positive,positive,positive,positive,positive,positive,positive,negative,negative,positive,negative
E0397,Employee_397,positive,positive,positive,positive,positive,positive,positive,positive,positive,positive,positive,positive,positive,positive,positive,positive,positive,positive,positive,positive
E0398,Employee_398,negative,positive,positive,positive,positive,positive,positive,positive,positive,negative,positive,positive,positive,positive,positive,positive,positive,positive,positive,positive
E0399,Employee_399,positive,positive,positive,positive,positive,positive,positive,positive,positive,positive,negative,positive,positive,positive,positive,positive,positive,positive,positive,positive
E0400,Employee_400,negative,positive,negative,positive,positive,positive,positive,positive,positive,positive,positive,positive,positive,positive,positive,positive,positive,positive,positive,positive
